Handle,Title,Option1 Name,Option1 Value,Variant SKU,Variant Price,Variant Inventory Qty
grout-tile-stone-cleaner-spray-wipe,Grout Tile & Stone Cleaner (Spray & Wipe),Size,750ML Wholesale,GTS750U-W,12.76,100
grout-tile-stone-cleaner-concentrate,Grout Tile & Stone Cleaner Concentrate,Size,1 LTR Wholesale,GTS1U-W,15.24,100
grout-tile-stone-cleaner-concentrate,Grout Tile & Stone Cleaner Concentrate,Size,4 LTR Wholesale,GTS4U-W,55.96,100
grout-tile-stone-cleaner-concentrate,Grout Tile & Stone Cleaner Concentrate,Size,20 LTR Wholesale,GTS20D-W,237.64,100
eff-plus-remover,Eff-Plus Remover,Size,1 LTR Wholesale,EFFP1U-W,13.42,100
eff-plus-remover,Eff-Plus Remover,Size,4 LTR Wholesale,EFFP4U-W,41.20,100
eff-plus-remover,Eff-Plus Remover,Size,20 LTR Wholesale,EFFP20D-W,174.25,100
sure-clean-porcelain-paste-cleaner,Sure Clean Porcelain Paste Cleaner,Size,1 LTR Wholesale,SC1U-W,22.18,100
sure-clean-porcelain-paste-cleaner,Sure Clean Porcelain Paste Cleaner,Size,4 LTR Wholesale,SC4U-W,79.64,100
sure-clean-porcelain-paste-cleaner,Sure Clean Porcelain Paste Cleaner,Size,20 LTR Wholesale,SC20D-W,273.38,100
rug-carpet-textile-stain-remover,Rug Carpet & Textile Stain Remover,Size,750ML Wholesale,RCSR750U-W,12.91,100
grout-tile-stone-sealer-quick-drying-aerosol,Grout Tile & Stone Sealer (Quick Drying Aerosol),Size,300g Wholesale,QDAU-W,25.42,100
grout-tile-stone-sealer-slow-drying-aerosol,Grout Tile & Stone Sealer (Slow Drying Aerosol),Size,300g Wholesale,SDAU-W,26.15,100
rug-carpet-protector,Rug & Carpet Protector,Size,350g Wholesale,RCPAU-W,21.45,100
timber-sealer-aerosol,Timber Sealer (Aerosol),Size,300g Wholesale,TSAU-W,25.64,100
ezy-as-1-2-3-water-based-sealer,Ezy As 1-2-3 Water-Based Sealer,Size,1 LTR Wholesale,EA1U-W,25.60,100
ezy-as-1-2-3-water-based-sealer,Ezy As 1-2-3 Water-Based Sealer,Size,4 LTR Wholesale,EA4U-W,76.80,100
ezy-as-1-2-3-water-based-sealer,Ezy As 1-2-3 Water-Based Sealer,Size,20 LTR Wholesale,EA20D-W,236.00,100
consolidator-sealer-water-based,Consolidator Sealer Water-Based,Size,1 LTR Wholesale,CONS1U-W,51.27,100
consolidator-sealer-water-based,Consolidator Sealer Water-Based,Size,4 LTR Wholesale,CONS4U-W,172.80,100
consolidator-sealer-water-based,Consolidator Sealer Water-Based,Size,20 LTR Wholesale,CONS20D-W,712.00,100
timber-sealer-solvent,Timber Sealer (Solvent),Size,1 LTR Wholesale,TS1U-W,41.64,100
timber-sealer-solvent,Timber Sealer (Solvent),Size,4 LTR Wholesale,TS4U-W,128.00,100
timber-sealer-solvent,Timber Sealer (Solvent),Size,20 LTR Wholesale,TS20D-W,544.00,100
grout-tile-stone-sealer-quick-drying-solvent,Grout Tile & Stone Sealer (Quick Drying Solvent),Size,1 LTR Wholesale,QD1U-W,42.15,100
grout-tile-stone-sealer-quick-drying-solvent,Grout Tile & Stone Sealer (Quick Drying Solvent),Size,4 LTR Wholesale,QD4U-W,128.36,100
grout-tile-stone-sealer-quick-drying-solvent,Grout Tile & Stone Sealer (Quick Drying Solvent),Size,20 LTR Wholesale,QD20D-W,546.87,100
grout-tile-stone-sealer-slow-drying-solvent,Grout Tile & Stone Sealer (Slow Drying Solvent),Size,1 LTR Wholesale,SD1U-W,51.60,100
grout-tile-stone-sealer-slow-drying-solvent,Grout Tile & Stone Sealer (Slow Drying Solvent),Size,4 LTR Wholesale,SD4U-W,155.02,100
grout-tile-stone-sealer-slow-drying-solvent,Grout Tile & Stone Sealer (Slow Drying Solvent),Size,20 LTR Wholesale,SD20D-W,641.45,100
24-7-plus-stone-concrete-sealer,24/7 Plus Stone & Concrete Sealer,Size,1 LTR Wholesale,24P1U-W,38.18,100
24-7-plus-stone-concrete-sealer,24/7 Plus Stone & Concrete Sealer,Size,4 LTR Wholesale,24P4U-W,123.64,100
24-7-plus-stone-concrete-sealer,24/7 Plus Stone & Concrete Sealer,Size,20 LTR Wholesale,24P20D-W,614.91,100
premium-plus-sealer,Premium Plus Sealer,Size,1 LTR Wholesale,PP1U-W,53.45,100
premium-plus-sealer,Premium Plus Sealer,Size,4 LTR Wholesale,PP4U-W,174.18,100
premium-plus-sealer,Premium Plus Sealer,Size,20 LTR Wholesale,PP20D-W,775.09,100
